Accuracy test,Energy_Train,Energy_Test
2.0,1425600.0,330.0
2.0,2851200.0,330.0
2.0,4276800.0,330.0
2.0,5702400.0,330.0
2.0,7128000.0,330.0
2.0,8553600.0,330.0
2.0,9979200.0,330.0
2.0,11404800.0,330.0
2.0,12830400.0,330.0
2.0,14256000.0,330.0
2.0,15681600.0,330.0
2.0,17107200.0,330.0
2.0,18532800.0,330.0
2.0,19958400.0,330.0
2.0,21384000.0,330.0
2.0,22809600.0,330.0
2.0,24235200.0,330.0
2.0,25660800.0,330.0
2.0,27086400.0,330.0
2.0,28512000.0,330.0
2.0,29937600.0,330.0
2.0,31363200.0,330.0
2.0,32788800.0,330.0
2.0,34214400.0,330.0
2.0,35640000.0,330.0
2.0,37065600.0,330.0
2.0,38491200.0,330.0
2.0,39916800.0,330.0
2.0,41342400.0,330.0
2.0,42768000.0,330.0
2.0,44193600.0,330.0
2.0,45619200.0,330.0
2.0,47044800.0,330.0
2.0,48470400.0,330.0
2.0,49896000.0,330.0
2.0,51321600.0,330.0
2.0,52747200.0,330.0
2.0,54172800.0,330.0
2.0,55598400.0,330.0
2.0,57024000.0,330.0
2.0,58449600.0,330.0
2.0,59875200.0,330.0
2.0,61300800.0,330.0
2.0,62726400.0,330.0
2.0,64152000.0,330.0
2.0,65577600.0,330.0
2.0,67003200.0,330.0
2.0,68428800.0,330.0
2.0,69854400.0,330.0
2.0,71280000.0,330.0
4.0,1425600.0,330.0
4.0,2851200.0,330.0
4.0,4276800.0,330.0
4.0,5702400.0,330.0
4.0,7128000.0,330.0
4.0,8553600.0,330.0
4.0,9979200.0,330.0
4.0,11404800.0,330.0
4.0,12830400.0,330.0
4.0,14256000.0,330.0
4.0,15681600.0,330.0
4.0,17107200.0,330.0
4.0,18532800.0,330.0
4.0,19958400.0,330.0
4.0,21384000.0,330.0
4.0,22809600.0,330.0
4.0,24235200.0,330.0
4.0,25660800.0,330.0
4.0,27086400.0,330.0
4.0,28512000.0,330.0
4.0,29937600.0,330.0
4.0,31363200.0,330.0
4.0,32788800.0,330.0
4.0,34214400.0,330.0
4.0,35640000.0,330.0
4.0,37065600.0,330.0
4.0,38491200.0,330.0
4.0,39916800.0,330.0
4.0,41342400.0,330.0
4.0,42768000.0,330.0
4.0,44193600.0,330.0
4.0,45619200.0,330.0
4.0,47044800.0,330.0
4.0,48470400.0,330.0
4.0,49896000.0,330.0
4.0,51321600.0,330.0
4.0,52747200.0,330.0
4.0,54172800.0,330.0
4.0,55598400.0,330.0
4.0,57024000.0,330.0
4.0,58449600.0,330.0
4.0,59875200.0,330.0
4.0,61300800.0,330.0
4.0,62726400.0,330.0
4.0,64152000.0,330.0
4.0,65577600.0,330.0
4.0,67003200.0,330.0
4.0,68428800.0,330.0
4.0,69854400.0,330.0
4.0,71280000.0,330.0
6.0,1425600.0,330.0
6.0,2851200.0,330.0
6.0,4276800.0,330.0
6.0,5702400.0,330.0
6.0,7128000.0,330.0
6.0,8553600.0,330.0
6.0,9979200.0,330.0
6.0,11404800.0,330.0
6.0,12830400.0,330.0
6.0,14256000.0,330.0
6.0,15681600.0,330.0
6.0,17107200.0,330.0
6.0,18532800.0,330.0
6.0,19958400.0,330.0
6.0,21384000.0,330.0
6.0,22809600.0,330.0
6.0,24235200.0,330.0
6.0,25660800.0,330.0
6.0,27086400.0,330.0
6.0,28512000.0,330.0
6.0,29937600.0,330.0
6.0,31363200.0,330.0
6.0,32788800.0,330.0
6.0,34214400.0,330.0
6.0,35640000.0,330.0
6.0,37065600.0,330.0
6.0,38491200.0,330.0
6.0,39916800.0,330.0
6.0,41342400.0,330.0
6.0,42768000.0,330.0
6.0,44193600.0,330.0
6.0,45619200.0,330.0
6.0,47044800.0,330.0
6.0,48470400.0,330.0
6.0,49896000.0,330.0
6.0,51321600.0,330.0
6.0,52747200.0,330.0
6.0,54172800.0,330.0
6.0,55598400.0,330.0
6.0,57024000.0,330.0
6.0,58449600.0,330.0
6.0,59875200.0,330.0
6.0,61300800.0,330.0
6.0,62726400.0,330.0
6.0,64152000.0,330.0
6.0,65577600.0,330.0
6.0,67003200.0,330.0
6.0,68428800.0,330.0
6.0,69854400.0,330.0
6.0,71280000.0,330.0
8.0,1425600.0,330.0
8.0,2851200.0,330.0
8.0,4276800.0,330.0
8.0,5702400.0,330.0
8.0,7128000.0,330.0
8.0,8553600.0,330.0
8.0,9979200.0,330.0
8.0,11404800.0,330.0
8.0,12830400.0,330.0
8.0,14256000.0,330.0
8.0,15681600.0,330.0
8.0,17107200.0,330.0
8.0,18532800.0,330.0
8.0,19958400.0,330.0
8.0,21384000.0,330.0
8.0,22809600.0,330.0
8.0,24235200.0,330.0
8.0,25660800.0,330.0
8.0,27086400.0,330.0
8.0,28512000.0,330.0
8.0,29937600.0,330.0
8.0,31363200.0,330.0
8.0,32788800.0,330.0
8.0,34214400.0,330.0
8.0,35640000.0,330.0
8.0,37065600.0,330.0
8.0,38491200.0,330.0
8.0,39916800.0,330.0
8.0,41342400.0,330.0
8.0,42768000.0,330.0
8.0,44193600.0,330.0
8.0,45619200.0,330.0
8.0,47044800.0,330.0
8.0,48470400.0,330.0
8.0,49896000.0,330.0
8.0,51321600.0,330.0
8.0,52747200.0,330.0
8.0,54172800.0,330.0
8.0,55598400.0,330.0
8.0,57024000.0,330.0
8.0,58449600.0,330.0
8.0,59875200.0,330.0
8.0,61300800.0,330.0
8.0,62726400.0,330.0
8.0,64152000.0,330.0
8.0,65577600.0,330.0
8.0,67003200.0,330.0
8.0,68428800.0,330.0
8.0,69854400.0,330.0
8.0,71280000.0,330.0
10.0,1425600.0,330.0
10.0,2851200.0,330.0
10.0,4276800.0,330.0
10.0,5702400.0,330.0
10.0,7128000.0,330.0
10.0,8553600.0,330.0
10.0,9979200.0,330.0
10.0,11404800.0,330.0
10.0,12830400.0,330.0
10.0,14256000.0,330.0
10.0,15681600.0,330.0
10.0,17107200.0,330.0
10.0,18532800.0,330.0
10.0,19958400.0,330.0
10.0,21384000.0,330.0
10.0,22809600.0,330.0
10.0,24235200.0,330.0
10.0,25660800.0,330.0
10.0,27086400.0,330.0
10.0,28512000.0,330.0
10.0,29937600.0,330.0
10.0,31363200.0,330.0
10.0,32788800.0,330.0
10.0,34214400.0,330.0
10.0,35640000.0,330.0
10.0,37065600.0,330.0
10.0,38491200.0,330.0
10.0,39916800.0,330.0
10.0,41342400.0,330.0
10.0,42768000.0,330.0
10.0,44193600.0,330.0
10.0,45619200.0,330.0
10.0,47044800.0,330.0
10.0,48470400.0,330.0
10.0,49896000.0,330.0
10.0,51321600.0,330.0
10.0,52747200.0,330.0
10.0,54172800.0,330.0
10.0,55598400.0,330.0
10.0,57024000.0,330.0
10.0,58449600.0,330.0
10.0,59875200.0,330.0
10.0,61300800.0,330.0
10.0,62726400.0,330.0
10.0,64152000.0,330.0
10.0,65577600.0,330.0
10.0,67003200.0,330.0
10.0,68428800.0,330.0
10.0,69854400.0,330.0
10.0,71280000.0,330.0
12.0,1425600.0,330.0
12.0,2851200.0,330.0
12.0,4276800.0,330.0
12.0,5702400.0,330.0
12.0,7128000.0,330.0
12.0,8553600.0,330.0
12.0,9979200.0,330.0
12.0,11404800.0,330.0
12.0,12830400.0,330.0
12.0,14256000.0,330.0
12.0,15681600.0,330.0
12.0,17107200.0,330.0
12.0,18532800.0,330.0
12.0,19958400.0,330.0
12.0,21384000.0,330.0
12.0,22809600.0,330.0
12.0,24235200.0,330.0
12.0,25660800.0,330.0
12.0,27086400.0,330.0
12.0,28512000.0,330.0
12.0,29937600.0,330.0
12.0,31363200.0,330.0
12.0,32788800.0,330.0
12.0,34214400.0,330.0
12.0,35640000.0,330.0
12.0,37065600.0,330.0
12.0,38491200.0,330.0
12.0,39916800.0,330.0
12.0,41342400.0,330.0
12.0,42768000.0,330.0
12.0,44193600.0,330.0
12.0,45619200.0,330.0
12.0,47044800.0,330.0
12.0,48470400.0,330.0
12.0,49896000.0,330.0
12.0,51321600.0,330.0
12.0,52747200.0,330.0
12.0,54172800.0,330.0
12.0,55598400.0,330.0
12.0,57024000.0,330.0
12.0,58449600.0,330.0
12.0,59875200.0,330.0
12.0,61300800.0,330.0
12.0,62726400.0,330.0
12.0,64152000.0,330.0
12.0,65577600.0,330.0
12.0,67003200.0,330.0
12.0,68428800.0,330.0
12.0,69854400.0,330.0
12.0,71280000.0,330.0
14.0,1425600.0,330.0
14.0,2851200.0,330.0
14.0,4276800.0,330.0
14.0,5702400.0,330.0
14.0,7128000.0,330.0
14.0,8553600.0,330.0
14.0,9979200.0,330.0
14.0,11404800.0,330.0
14.0,12830400.0,330.0
14.0,14256000.0,330.0
14.0,15681600.0,330.0
14.0,17107200.0,330.0
14.0,18532800.0,330.0
14.0,19958400.0,330.0
14.0,21384000.0,330.0
14.0,22809600.0,330.0
14.0,24235200.0,330.0
14.0,25660800.0,330.0
14.0,27086400.0,330.0
14.0,28512000.0,330.0
14.0,29937600.0,330.0
14.0,31363200.0,330.0
14.0,32788800.0,330.0
14.0,34214400.0,330.0
14.0,35640000.0,330.0
14.0,37065600.0,330.0
14.0,38491200.0,330.0
14.0,39916800.0,330.0
14.0,41342400.0,330.0
14.0,42768000.0,330.0
14.0,44193600.0,330.0
14.0,45619200.0,330.0
14.0,47044800.0,330.0
14.0,48470400.0,330.0
14.0,49896000.0,330.0
14.0,51321600.0,330.0
14.0,52747200.0,330.0
14.0,54172800.0,330.0
14.0,55598400.0,330.0
14.0,57024000.0,330.0
14.0,58449600.0,330.0
14.0,59875200.0,330.0
14.0,61300800.0,330.0
14.0,62726400.0,330.0
14.0,64152000.0,330.0
14.0,65577600.0,330.0
14.0,67003200.0,330.0
14.0,68428800.0,330.0
14.0,69854400.0,330.0
14.0,71280000.0,330.0
16.0,1425600.0,330.0
16.0,2851200.0,330.0
16.0,4276800.0,330.0
16.0,5702400.0,330.0
16.0,7128000.0,330.0
16.0,8553600.0,330.0
16.0,9979200.0,330.0
16.0,11404800.0,330.0
16.0,12830400.0,330.0
16.0,14256000.0,330.0
16.0,15681600.0,330.0
16.0,17107200.0,330.0
16.0,18532800.0,330.0
16.0,19958400.0,330.0
16.0,21384000.0,330.0
16.0,22809600.0,330.0
16.0,24235200.0,330.0
16.0,25660800.0,330.0
16.0,27086400.0,330.0
16.0,28512000.0,330.0
16.0,29937600.0,330.0
16.0,31363200.0,330.0
16.0,32788800.0,330.0
16.0,34214400.0,330.0
16.0,35640000.0,330.0
16.0,37065600.0,330.0
16.0,38491200.0,330.0
16.0,39916800.0,330.0
16.0,41342400.0,330.0
16.0,42768000.0,330.0
16.0,44193600.0,330.0
16.0,45619200.0,330.0
16.0,47044800.0,330.0
16.0,48470400.0,330.0
16.0,49896000.0,330.0
16.0,51321600.0,330.0
16.0,52747200.0,330.0
16.0,54172800.0,330.0
16.0,55598400.0,330.0
16.0,57024000.0,330.0
16.0,58449600.0,330.0
16.0,59875200.0,330.0
16.0,61300800.0,330.0
16.0,62726400.0,330.0
16.0,64152000.0,330.0
16.0,65577600.0,330.0
16.0,67003200.0,330.0
16.0,68428800.0,330.0
16.0,69854400.0,330.0
16.0,71280000.0,330.0
18.0,1425600.0,330.0
18.0,2851200.0,330.0
18.0,4276800.0,330.0
18.0,5702400.0,330.0
18.0,7128000.0,330.0
18.0,8553600.0,330.0
18.0,9979200.0,330.0
18.0,11404800.0,330.0
18.0,12830400.0,330.0
18.0,14256000.0,330.0
18.0,15681600.0,330.0
18.0,17107200.0,330.0
18.0,18532800.0,330.0
18.0,19958400.0,330.0
18.0,21384000.0,330.0
18.0,22809600.0,330.0
18.0,24235200.0,330.0
18.0,25660800.0,330.0
18.0,27086400.0,330.0
18.0,28512000.0,330.0
18.0,29937600.0,330.0
18.0,31363200.0,330.0
18.0,32788800.0,330.0
18.0,34214400.0,330.0
18.0,35640000.0,330.0
18.0,37065600.0,330.0
18.0,38491200.0,330.0
18.0,39916800.0,330.0
18.0,41342400.0,330.0
18.0,42768000.0,330.0
18.0,44193600.0,330.0
18.0,45619200.0,330.0
18.0,47044800.0,330.0
18.0,48470400.0,330.0
18.0,49896000.0,330.0
18.0,51321600.0,330.0
18.0,52747200.0,330.0
18.0,54172800.0,330.0
18.0,55598400.0,330.0
18.0,57024000.0,330.0
18.0,58449600.0,330.0
18.0,59875200.0,330.0
18.0,61300800.0,330.0
18.0,62726400.0,330.0
18.0,64152000.0,330.0
18.0,65577600.0,330.0
18.0,67003200.0,330.0
18.0,68428800.0,330.0
18.0,69854400.0,330.0
18.0,71280000.0,330.0
20.0,1425600.0,330.0
20.0,2851200.0,330.0
20.0,4276800.0,330.0
20.0,5702400.0,330.0
20.0,7128000.0,330.0
20.0,8553600.0,330.0
20.0,9979200.0,330.0
20.0,11404800.0,330.0
20.0,12830400.0,330.0
20.0,14256000.0,330.0
20.0,15681600.0,330.0
20.0,17107200.0,330.0
20.0,18532800.0,330.0
20.0,19958400.0,330.0
20.0,21384000.0,330.0
20.0,22809600.0,330.0
20.0,24235200.0,330.0
20.0,25660800.0,330.0
20.0,27086400.0,330.0
20.0,28512000.0,330.0
20.0,29937600.0,330.0
20.0,31363200.0,330.0
20.0,32788800.0,330.0
20.0,34214400.0,330.0
20.0,35640000.0,330.0
20.0,37065600.0,330.0
20.0,38491200.0,330.0
20.0,39916800.0,330.0
20.0,41342400.0,330.0
20.0,42768000.0,330.0
20.0,44193600.0,330.0
20.0,45619200.0,330.0
20.0,47044800.0,330.0
20.0,48470400.0,330.0
20.0,49896000.0,330.0
20.0,51321600.0,330.0
20.0,52747200.0,330.0
20.0,54172800.0,330.0
20.0,55598400.0,330.0
20.0,57024000.0,330.0
20.0,58449600.0,330.0
20.0,59875200.0,330.0
20.0,61300800.0,330.0
20.0,62726400.0,330.0
20.0,64152000.0,330.0
20.0,65577600.0,330.0
20.0,67003200.0,330.0
20.0,68428800.0,330.0
20.0,69854400.0,330.0
20.0,71280000.0,330.0
22.0,1425600.0,330.0
22.0,2851200.0,330.0
22.0,4276800.0,330.0
22.0,5702400.0,330.0
22.0,7128000.0,330.0
22.0,8553600.0,330.0
22.0,9979200.0,330.0
22.0,11404800.0,330.0
22.0,12830400.0,330.0
22.0,14256000.0,330.0
22.0,15681600.0,330.0
22.0,17107200.0,330.0
22.0,18532800.0,330.0
22.0,19958400.0,330.0
22.0,21384000.0,330.0
22.0,22809600.0,330.0
22.0,24235200.0,330.0
22.0,25660800.0,330.0
22.0,27086400.0,330.0
22.0,28512000.0,330.0
22.0,29937600.0,330.0
22.0,31363200.0,330.0
22.0,32788800.0,330.0
22.0,34214400.0,330.0
22.0,35640000.0,330.0
22.0,37065600.0,330.0
22.0,38491200.0,330.0
22.0,39916800.0,330.0
22.0,41342400.0,330.0
22.0,42768000.0,330.0
22.0,44193600.0,330.0
22.0,45619200.0,330.0
22.0,47044800.0,330.0
22.0,48470400.0,330.0
22.0,49896000.0,330.0
22.0,51321600.0,330.0
22.0,52747200.0,330.0
22.0,54172800.0,330.0
22.0,55598400.0,330.0
22.0,57024000.0,330.0
22.0,58449600.0,330.0
22.0,59875200.0,330.0
22.0,61300800.0,330.0
22.0,62726400.0,330.0
22.0,64152000.0,330.0
22.0,65577600.0,330.0
22.0,67003200.0,330.0
22.0,68428800.0,330.0
22.0,69854400.0,330.0
22.0,71280000.0,330.0
24.0,1425600.0,330.0
24.0,2851200.0,330.0
24.0,4276800.0,330.0
24.0,5702400.0,330.0
24.0,7128000.0,330.0
24.0,8553600.0,330.0
24.0,9979200.0,330.0
24.0,11404800.0,330.0
24.0,12830400.0,330.0
24.0,14256000.0,330.0
24.0,15681600.0,330.0
24.0,17107200.0,330.0
24.0,18532800.0,330.0
24.0,19958400.0,330.0
24.0,21384000.0,330.0
24.0,22809600.0,330.0
24.0,24235200.0,330.0
24.0,25660800.0,330.0
24.0,27086400.0,330.0
24.0,28512000.0,330.0
24.0,29937600.0,330.0
24.0,31363200.0,330.0
24.0,32788800.0,330.0
24.0,34214400.0,330.0
24.0,35640000.0,330.0
24.0,37065600.0,330.0
24.0,38491200.0,330.0
24.0,39916800.0,330.0
24.0,41342400.0,330.0
24.0,42768000.0,330.0
24.0,44193600.0,330.0
24.0,45619200.0,330.0
24.0,47044800.0,330.0
24.0,48470400.0,330.0
24.0,49896000.0,330.0
24.0,51321600.0,330.0
24.0,52747200.0,330.0
24.0,54172800.0,330.0
24.0,55598400.0,330.0
24.0,57024000.0,330.0
24.0,58449600.0,330.0
24.0,59875200.0,330.0
24.0,61300800.0,330.0
24.0,62726400.0,330.0
24.0,64152000.0,330.0
24.0,65577600.0,330.0
24.0,67003200.0,330.0
24.0,68428800.0,330.0
24.0,69854400.0,330.0
24.0,71280000.0,330.0
26.0,1425600.0,330.0
26.0,2851200.0,330.0
26.0,4276800.0,330.0
26.0,5702400.0,330.0
26.0,7128000.0,330.0
26.0,8553600.0,330.0
26.0,9979200.0,330.0
26.0,11404800.0,330.0
26.0,12830400.0,330.0
26.0,14256000.0,330.0
26.0,15681600.0,330.0
26.0,17107200.0,330.0
26.0,18532800.0,330.0
26.0,19958400.0,330.0
26.0,21384000.0,330.0
26.0,22809600.0,330.0
26.0,24235200.0,330.0
26.0,25660800.0,330.0
26.0,27086400.0,330.0
26.0,28512000.0,330.0
26.0,29937600.0,330.0
26.0,31363200.0,330.0
26.0,32788800.0,330.0
26.0,34214400.0,330.0
26.0,35640000.0,330.0
26.0,37065600.0,330.0
26.0,38491200.0,330.0
26.0,39916800.0,330.0
26.0,41342400.0,330.0
26.0,42768000.0,330.0
26.0,44193600.0,330.0
26.0,45619200.0,330.0
26.0,47044800.0,330.0
26.0,48470400.0,330.0
26.0,49896000.0,330.0
26.0,51321600.0,330.0
26.0,52747200.0,330.0
26.0,54172800.0,330.0
26.0,55598400.0,330.0
26.0,57024000.0,330.0
26.0,58449600.0,330.0
26.0,59875200.0,330.0
26.0,61300800.0,330.0
26.0,62726400.0,330.0
26.0,64152000.0,330.0
26.0,65577600.0,330.0
26.0,67003200.0,330.0
26.0,68428800.0,330.0
26.0,69854400.0,330.0
26.0,71280000.0,330.0
28.0,1425600.0,330.0
28.0,2851200.0,330.0
28.0,4276800.0,330.0
28.0,5702400.0,330.0
28.0,7128000.0,330.0
28.0,8553600.0,330.0
28.0,9979200.0,330.0
28.0,11404800.0,330.0
28.0,12830400.0,330.0
28.0,14256000.0,330.0
28.0,15681600.0,330.0
28.0,17107200.0,330.0
28.0,18532800.0,330.0
28.0,19958400.0,330.0
28.0,21384000.0,330.0
28.0,22809600.0,330.0
28.0,24235200.0,330.0
28.0,25660800.0,330.0
28.0,27086400.0,330.0
28.0,28512000.0,330.0
28.0,29937600.0,330.0
28.0,31363200.0,330.0
28.0,32788800.0,330.0
28.0,34214400.0,330.0
28.0,35640000.0,330.0
28.0,37065600.0,330.0
28.0,38491200.0,330.0
28.0,39916800.0,330.0
28.0,41342400.0,330.0
28.0,42768000.0,330.0
28.0,44193600.0,330.0
28.0,45619200.0,330.0
28.0,47044800.0,330.0
28.0,48470400.0,330.0
28.0,49896000.0,330.0
28.0,51321600.0,330.0
28.0,52747200.0,330.0
28.0,54172800.0,330.0
28.0,55598400.0,330.0
28.0,57024000.0,330.0
28.0,58449600.0,330.0
28.0,59875200.0,330.0
28.0,61300800.0,330.0
28.0,62726400.0,330.0
28.0,64152000.0,330.0
28.0,65577600.0,330.0
28.0,67003200.0,330.0
28.0,68428800.0,330.0
28.0,69854400.0,330.0
28.0,71280000.0,330.0
30.0,1425600.0,330.0
30.0,2851200.0,330.0
30.0,4276800.0,330.0
30.0,5702400.0,330.0
30.0,7128000.0,330.0
30.0,8553600.0,330.0
30.0,9979200.0,330.0
30.0,11404800.0,330.0
30.0,12830400.0,330.0
30.0,14256000.0,330.0
30.0,15681600.0,330.0
30.0,17107200.0,330.0
30.0,18532800.0,330.0
30.0,19958400.0,330.0
30.0,21384000.0,330.0
30.0,22809600.0,330.0
30.0,24235200.0,330.0
30.0,25660800.0,330.0
30.0,27086400.0,330.0
30.0,28512000.0,330.0
30.0,29937600.0,330.0
30.0,31363200.0,330.0
30.0,32788800.0,330.0
30.0,34214400.0,330.0
30.0,35640000.0,330.0
30.0,37065600.0,330.0
30.0,38491200.0,330.0
30.0,39916800.0,330.0
30.0,41342400.0,330.0
30.0,42768000.0,330.0
30.0,44193600.0,330.0
30.0,45619200.0,330.0
30.0,47044800.0,330.0
30.0,48470400.0,330.0
30.0,49896000.0,330.0
30.0,51321600.0,330.0
30.0,52747200.0,330.0
30.0,54172800.0,330.0
30.0,55598400.0,330.0
30.0,57024000.0,330.0
30.0,58449600.0,330.0
30.0,59875200.0,330.0
30.0,61300800.0,330.0
30.0,62726400.0,330.0
30.0,64152000.0,330.0
30.0,65577600.0,330.0
30.0,67003200.0,330.0
30.0,68428800.0,330.0
30.0,69854400.0,330.0
30.0,71280000.0,330.0
32.0,1425600.0,330.0
32.0,2851200.0,330.0
32.0,4276800.0,330.0
32.0,5702400.0,330.0
32.0,7128000.0,330.0
32.0,8553600.0,330.0
32.0,9979200.0,330.0
32.0,11404800.0,330.0
32.0,12830400.0,330.0
32.0,14256000.0,330.0
32.0,15681600.0,330.0
32.0,17107200.0,330.0
32.0,18532800.0,330.0
32.0,19958400.0,330.0
32.0,21384000.0,330.0
32.0,22809600.0,330.0
32.0,24235200.0,330.0
32.0,25660800.0,330.0
32.0,27086400.0,330.0
32.0,28512000.0,330.0
32.0,29937600.0,330.0
32.0,31363200.0,330.0
32.0,32788800.0,330.0
32.0,34214400.0,330.0
32.0,35640000.0,330.0
32.0,37065600.0,330.0
32.0,38491200.0,330.0
32.0,39916800.0,330.0
32.0,41342400.0,330.0
32.0,42768000.0,330.0
32.0,44193600.0,330.0
32.0,45619200.0,330.0
32.0,47044800.0,330.0
32.0,48470400.0,330.0
32.0,49896000.0,330.0
32.0,51321600.0,330.0
32.0,52747200.0,330.0
32.0,54172800.0,330.0
32.0,55598400.0,330.0
32.0,57024000.0,330.0
32.0,58449600.0,330.0
32.0,59875200.0,330.0
32.0,61300800.0,330.0
32.0,62726400.0,330.0
32.0,64152000.0,330.0
32.0,65577600.0,330.0
32.0,67003200.0,330.0
32.0,68428800.0,330.0
32.0,69854400.0,330.0
32.0,71280000.0,330.0
34.0,1425600.0,330.0
34.0,2851200.0,330.0
34.0,4276800.0,330.0
34.0,5702400.0,330.0
34.0,7128000.0,330.0
34.0,8553600.0,330.0
34.0,9979200.0,330.0
34.0,11404800.0,330.0
34.0,12830400.0,330.0
34.0,14256000.0,330.0
34.0,15681600.0,330.0
34.0,17107200.0,330.0
34.0,18532800.0,330.0
34.0,19958400.0,330.0
34.0,21384000.0,330.0
34.0,22809600.0,330.0
34.0,24235200.0,330.0
34.0,25660800.0,330.0
34.0,27086400.0,330.0
34.0,28512000.0,330.0
34.0,29937600.0,330.0
34.0,31363200.0,330.0
34.0,32788800.0,330.0
34.0,34214400.0,330.0
34.0,35640000.0,330.0
34.0,37065600.0,330.0
34.0,38491200.0,330.0
34.0,39916800.0,330.0
34.0,41342400.0,330.0
34.0,42768000.0,330.0
34.0,44193600.0,330.0
34.0,45619200.0,330.0
34.0,47044800.0,330.0
34.0,48470400.0,330.0
34.0,49896000.0,330.0
34.0,51321600.0,330.0
34.0,52747200.0,330.0
34.0,54172800.0,330.0
34.0,55598400.0,330.0
34.0,57024000.0,330.0
34.0,58449600.0,330.0
34.0,59875200.0,330.0
34.0,61300800.0,330.0
34.0,62726400.0,330.0
34.0,64152000.0,330.0
34.0,65577600.0,330.0
34.0,67003200.0,330.0
34.0,68428800.0,330.0
34.0,69854400.0,330.0
34.0,71280000.0,330.0
36.0,1425600.0,330.0
36.0,2851200.0,330.0
36.0,4276800.0,330.0
36.0,5702400.0,330.0
36.0,7128000.0,330.0
36.0,8553600.0,330.0
36.0,9979200.0,330.0
36.0,11404800.0,330.0
36.0,12830400.0,330.0
36.0,14256000.0,330.0
36.0,15681600.0,330.0
36.0,17107200.0,330.0
36.0,18532800.0,330.0
36.0,19958400.0,330.0
36.0,21384000.0,330.0
36.0,22809600.0,330.0
36.0,24235200.0,330.0
36.0,25660800.0,330.0
36.0,27086400.0,330.0
36.0,28512000.0,330.0
36.0,29937600.0,330.0
36.0,31363200.0,330.0
36.0,32788800.0,330.0
36.0,34214400.0,330.0
36.0,35640000.0,330.0
36.0,37065600.0,330.0
36.0,38491200.0,330.0
36.0,39916800.0,330.0
36.0,41342400.0,330.0
36.0,42768000.0,330.0
36.0,44193600.0,330.0
36.0,45619200.0,330.0
36.0,47044800.0,330.0
36.0,48470400.0,330.0
36.0,49896000.0,330.0
36.0,51321600.0,330.0
36.0,52747200.0,330.0
36.0,54172800.0,330.0
36.0,55598400.0,330.0
36.0,57024000.0,330.0
36.0,58449600.0,330.0
36.0,59875200.0,330.0
36.0,61300800.0,330.0
36.0,62726400.0,330.0
36.0,64152000.0,330.0
36.0,65577600.0,330.0
36.0,67003200.0,330.0
36.0,68428800.0,330.0
36.0,69854400.0,330.0
36.0,71280000.0,330.0
38.0,1425600.0,330.0
38.0,2851200.0,330.0
38.0,4276800.0,330.0
38.0,5702400.0,330.0
38.0,7128000.0,330.0
38.0,8553600.0,330.0
38.0,9979200.0,330.0
38.0,11404800.0,330.0
38.0,12830400.0,330.0
38.0,14256000.0,330.0
38.0,15681600.0,330.0
38.0,17107200.0,330.0
38.0,18532800.0,330.0
38.0,19958400.0,330.0
38.0,21384000.0,330.0
38.0,22809600.0,330.0
38.0,24235200.0,330.0
38.0,25660800.0,330.0
38.0,27086400.0,330.0
38.0,28512000.0,330.0
38.0,29937600.0,330.0
38.0,31363200.0,330.0
38.0,32788800.0,330.0
38.0,34214400.0,330.0
38.0,35640000.0,330.0
38.0,37065600.0,330.0
38.0,38491200.0,330.0
38.0,39916800.0,330.0
38.0,41342400.0,330.0
38.0,42768000.0,330.0
38.0,44193600.0,330.0
38.0,45619200.0,330.0
38.0,47044800.0,330.0
38.0,48470400.0,330.0
38.0,49896000.0,330.0
38.0,51321600.0,330.0
38.0,52747200.0,330.0
38.0,54172800.0,330.0
38.0,55598400.0,330.0
38.0,57024000.0,330.0
38.0,58449600.0,330.0
38.0,59875200.0,330.0
38.0,61300800.0,330.0
38.0,62726400.0,330.0
38.0,64152000.0,330.0
38.0,65577600.0,330.0
38.0,67003200.0,330.0
38.0,68428800.0,330.0
38.0,69854400.0,330.0
38.0,71280000.0,330.0
40.0,1425600.0,330.0
40.0,2851200.0,330.0
40.0,4276800.0,330.0
40.0,5702400.0,330.0
40.0,7128000.0,330.0
40.0,8553600.0,330.0
40.0,9979200.0,330.0
40.0,11404800.0,330.0
40.0,12830400.0,330.0
40.0,14256000.0,330.0
40.0,15681600.0,330.0
40.0,17107200.0,330.0
40.0,18532800.0,330.0
40.0,19958400.0,330.0
40.0,21384000.0,330.0
40.0,22809600.0,330.0
40.0,24235200.0,330.0
40.0,25660800.0,330.0
40.0,27086400.0,330.0
40.0,28512000.0,330.0
40.0,29937600.0,330.0
40.0,31363200.0,330.0
40.0,32788800.0,330.0
40.0,34214400.0,330.0
40.0,35640000.0,330.0
40.0,37065600.0,330.0
40.0,38491200.0,330.0
40.0,39916800.0,330.0
40.0,41342400.0,330.0
40.0,42768000.0,330.0
40.0,44193600.0,330.0
40.0,45619200.0,330.0
40.0,47044800.0,330.0
40.0,48470400.0,330.0
40.0,49896000.0,330.0
40.0,51321600.0,330.0
40.0,52747200.0,330.0
40.0,54172800.0,330.0
40.0,55598400.0,330.0
40.0,57024000.0,330.0
40.0,58449600.0,330.0
40.0,59875200.0,330.0
40.0,61300800.0,330.0
40.0,62726400.0,330.0
40.0,64152000.0,330.0
40.0,65577600.0,330.0
40.0,67003200.0,330.0
40.0,68428800.0,330.0
40.0,69854400.0,330.0
40.0,71280000.0,330.0
42.0,1425600.0,330.0
42.0,2851200.0,330.0
42.0,4276800.0,330.0
42.0,5702400.0,330.0
42.0,7128000.0,330.0
42.0,8553600.0,330.0
42.0,9979200.0,330.0
42.0,11404800.0,330.0
42.0,12830400.0,330.0
42.0,14256000.0,330.0
42.0,15681600.0,330.0
42.0,17107200.0,330.0
42.0,18532800.0,330.0
42.0,19958400.0,330.0
42.0,21384000.0,330.0
42.0,22809600.0,330.0
42.0,24235200.0,330.0
42.0,25660800.0,330.0
42.0,27086400.0,330.0
42.0,28512000.0,330.0
42.0,29937600.0,330.0
42.0,31363200.0,330.0
42.0,32788800.0,330.0
42.0,34214400.0,330.0
42.0,35640000.0,330.0
42.0,37065600.0,330.0
42.0,38491200.0,330.0
42.0,39916800.0,330.0
42.0,41342400.0,330.0
42.0,42768000.0,330.0
42.0,44193600.0,330.0
42.0,45619200.0,330.0
42.0,47044800.0,330.0
42.0,48470400.0,330.0
42.0,49896000.0,330.0
42.0,51321600.0,330.0
42.0,52747200.0,330.0
42.0,54172800.0,330.0
42.0,55598400.0,330.0
42.0,57024000.0,330.0
42.0,58449600.0,330.0
42.0,59875200.0,330.0
42.0,61300800.0,330.0
42.0,62726400.0,330.0
42.0,64152000.0,330.0
42.0,65577600.0,330.0
42.0,67003200.0,330.0
42.0,68428800.0,330.0
42.0,69854400.0,330.0
42.0,71280000.0,330.0
44.0,1425600.0,330.0
44.0,2851200.0,330.0
44.0,4276800.0,330.0
44.0,5702400.0,330.0
44.0,7128000.0,330.0
44.0,8553600.0,330.0
44.0,9979200.0,330.0
44.0,11404800.0,330.0
44.0,12830400.0,330.0
44.0,14256000.0,330.0
44.0,15681600.0,330.0
44.0,17107200.0,330.0
44.0,18532800.0,330.0
44.0,19958400.0,330.0
44.0,21384000.0,330.0
44.0,22809600.0,330.0
44.0,24235200.0,330.0
44.0,25660800.0,330.0
44.0,27086400.0,330.0
44.0,28512000.0,330.0
44.0,29937600.0,330.0
44.0,31363200.0,330.0
44.0,32788800.0,330.0
44.0,34214400.0,330.0
44.0,35640000.0,330.0
44.0,37065600.0,330.0
44.0,38491200.0,330.0
44.0,39916800.0,330.0
44.0,41342400.0,330.0
44.0,42768000.0,330.0
44.0,44193600.0,330.0
44.0,45619200.0,330.0
44.0,47044800.0,330.0
44.0,48470400.0,330.0
44.0,49896000.0,330.0
44.0,51321600.0,330.0
44.0,52747200.0,330.0
44.0,54172800.0,330.0
44.0,55598400.0,330.0
44.0,57024000.0,330.0
44.0,58449600.0,330.0
44.0,59875200.0,330.0
44.0,61300800.0,330.0
44.0,62726400.0,330.0
44.0,64152000.0,330.0
44.0,65577600.0,330.0
44.0,67003200.0,330.0
44.0,68428800.0,330.0
44.0,69854400.0,330.0
44.0,71280000.0,330.0
46.0,1425600.0,330.0
46.0,2851200.0,330.0
46.0,4276800.0,330.0
46.0,5702400.0,330.0
46.0,7128000.0,330.0
46.0,8553600.0,330.0
46.0,9979200.0,330.0
46.0,11404800.0,330.0
46.0,12830400.0,330.0
46.0,14256000.0,330.0
46.0,15681600.0,330.0
46.0,17107200.0,330.0
46.0,18532800.0,330.0
46.0,19958400.0,330.0
46.0,21384000.0,330.0
46.0,22809600.0,330.0
46.0,24235200.0,330.0
46.0,25660800.0,330.0
46.0,27086400.0,330.0
46.0,28512000.0,330.0
46.0,29937600.0,330.0
46.0,31363200.0,330.0
46.0,32788800.0,330.0
46.0,34214400.0,330.0
46.0,35640000.0,330.0
46.0,37065600.0,330.0
46.0,38491200.0,330.0
46.0,39916800.0,330.0
46.0,41342400.0,330.0
46.0,42768000.0,330.0
46.0,44193600.0,330.0
46.0,45619200.0,330.0
46.0,47044800.0,330.0
46.0,48470400.0,330.0
46.0,49896000.0,330.0
46.0,51321600.0,330.0
46.0,52747200.0,330.0
46.0,54172800.0,330.0
46.0,55598400.0,330.0
46.0,57024000.0,330.0
46.0,58449600.0,330.0
46.0,59875200.0,330.0
46.0,61300800.0,330.0
46.0,62726400.0,330.0
46.0,64152000.0,330.0
46.0,65577600.0,330.0
46.0,67003200.0,330.0
46.0,68428800.0,330.0
46.0,69854400.0,330.0
46.0,71280000.0,330.0
48.0,1425600.0,330.0
48.0,2851200.0,330.0
48.0,4276800.0,330.0
48.0,5702400.0,330.0
48.0,7128000.0,330.0
48.0,8553600.0,330.0
48.0,9979200.0,330.0
48.0,11404800.0,330.0
48.0,12830400.0,330.0
48.0,14256000.0,330.0
48.0,15681600.0,330.0
48.0,17107200.0,330.0
48.0,18532800.0,330.0
48.0,19958400.0,330.0
48.0,21384000.0,330.0
48.0,22809600.0,330.0
48.0,24235200.0,330.0
48.0,25660800.0,330.0
48.0,27086400.0,330.0
48.0,28512000.0,330.0
48.0,29937600.0,330.0
48.0,31363200.0,330.0
48.0,32788800.0,330.0
48.0,34214400.0,330.0
48.0,35640000.0,330.0
48.0,37065600.0,330.0
48.0,38491200.0,330.0
48.0,39916800.0,330.0
48.0,41342400.0,330.0
48.0,42768000.0,330.0
48.0,44193600.0,330.0
48.0,45619200.0,330.0
48.0,47044800.0,330.0
48.0,48470400.0,330.0
48.0,49896000.0,330.0
48.0,51321600.0,330.0
48.0,52747200.0,330.0
48.0,54172800.0,330.0
48.0,55598400.0,330.0
48.0,57024000.0,330.0
48.0,58449600.0,330.0
48.0,59875200.0,330.0
48.0,61300800.0,330.0
48.0,62726400.0,330.0
48.0,64152000.0,330.0
48.0,65577600.0,330.0
48.0,67003200.0,330.0
48.0,68428800.0,330.0
48.0,69854400.0,330.0
48.0,71280000.0,330.0
50.0,1425600.0,330.0
50.0,2851200.0,330.0
50.0,4276800.0,330.0
50.0,5702400.0,330.0
50.0,7128000.0,330.0
50.0,8553600.0,330.0
50.0,9979200.0,330.0
50.0,11404800.0,330.0
50.0,12830400.0,330.0
50.0,14256000.0,330.0
50.0,15681600.0,330.0
50.0,17107200.0,330.0
50.0,18532800.0,330.0
50.0,19958400.0,330.0
50.0,21384000.0,330.0
50.0,22809600.0,330.0
50.0,24235200.0,330.0
50.0,25660800.0,330.0
50.0,27086400.0,330.0
50.0,28512000.0,330.0
50.0,29937600.0,330.0
50.0,31363200.0,330.0
50.0,32788800.0,330.0
50.0,34214400.0,330.0
50.0,35640000.0,330.0
50.0,37065600.0,330.0
50.0,38491200.0,330.0
50.0,39916800.0,330.0
50.0,41342400.0,330.0
50.0,42768000.0,330.0
50.0,44193600.0,330.0
50.0,45619200.0,330.0
50.0,47044800.0,330.0
50.0,48470400.0,330.0
50.0,49896000.0,330.0
50.0,51321600.0,330.0
50.0,52747200.0,330.0
50.0,54172800.0,330.0
50.0,55598400.0,330.0
50.0,57024000.0,330.0
50.0,58449600.0,330.0
50.0,59875200.0,330.0
50.0,61300800.0,330.0
50.0,62726400.0,330.0
50.0,64152000.0,330.0
50.0,65577600.0,330.0
50.0,67003200.0,330.0
50.0,68428800.0,330.0
50.0,69854400.0,330.0
50.0,71280000.0,330.0
52.0,1425600.0,330.0
52.0,2851200.0,330.0
52.0,4276800.0,330.0
52.0,5702400.0,330.0
52.0,7128000.0,330.0
52.0,8553600.0,330.0
52.0,9979200.0,330.0
52.0,11404800.0,330.0
52.0,12830400.0,330.0
52.0,14256000.0,330.0
52.0,15681600.0,330.0
52.0,17107200.0,330.0
52.0,18532800.0,330.0
52.0,19958400.0,330.0
52.0,21384000.0,330.0
52.0,22809600.0,330.0
52.0,24235200.0,330.0
52.0,25660800.0,330.0
52.0,27086400.0,330.0
52.0,28512000.0,330.0
52.0,29937600.0,330.0
52.0,31363200.0,330.0
52.0,32788800.0,330.0
52.0,34214400.0,330.0
52.0,35640000.0,330.0
52.0,37065600.0,330.0
52.0,38491200.0,330.0
52.0,39916800.0,330.0
52.0,41342400.0,330.0
52.0,42768000.0,330.0
52.0,44193600.0,330.0
52.0,45619200.0,330.0
52.0,47044800.0,330.0
52.0,48470400.0,330.0
52.0,49896000.0,330.0
52.0,51321600.0,330.0
52.0,52747200.0,330.0
52.0,54172800.0,330.0
52.0,55598400.0,330.0
52.0,57024000.0,330.0
52.0,58449600.0,330.0
52.0,59875200.0,330.0
52.0,61300800.0,330.0
52.0,62726400.0,330.0
52.0,64152000.0,330.0
52.0,65577600.0,330.0
52.0,67003200.0,330.0
52.0,68428800.0,330.0
52.0,69854400.0,330.0
52.0,71280000.0,330.0
54.0,1425600.0,330.0
54.0,2851200.0,330.0
54.0,4276800.0,330.0
54.0,5702400.0,330.0
54.0,7128000.0,330.0
54.0,8553600.0,330.0
54.0,9979200.0,330.0
54.0,11404800.0,330.0
54.0,12830400.0,330.0
54.0,14256000.0,330.0
54.0,15681600.0,330.0
54.0,17107200.0,330.0
54.0,18532800.0,330.0
54.0,19958400.0,330.0
54.0,21384000.0,330.0
54.0,22809600.0,330.0
54.0,24235200.0,330.0
54.0,25660800.0,330.0
54.0,27086400.0,330.0
54.0,28512000.0,330.0
54.0,29937600.0,330.0
54.0,31363200.0,330.0
54.0,32788800.0,330.0
54.0,34214400.0,330.0
54.0,35640000.0,330.0
54.0,37065600.0,330.0
54.0,38491200.0,330.0
54.0,39916800.0,330.0
54.0,41342400.0,330.0
54.0,42768000.0,330.0
54.0,44193600.0,330.0
54.0,45619200.0,330.0
54.0,47044800.0,330.0
54.0,48470400.0,330.0
54.0,49896000.0,330.0
54.0,51321600.0,330.0
54.0,52747200.0,330.0
54.0,54172800.0,330.0
54.0,55598400.0,330.0
54.0,57024000.0,330.0
54.0,58449600.0,330.0
54.0,59875200.0,330.0
54.0,61300800.0,330.0
54.0,62726400.0,330.0
54.0,64152000.0,330.0
54.0,65577600.0,330.0
54.0,67003200.0,330.0
54.0,68428800.0,330.0
54.0,69854400.0,330.0
54.0,71280000.0,330.0
56.0,1425600.0,330.0
56.0,2851200.0,330.0
56.0,4276800.0,330.0
56.0,5702400.0,330.0
56.0,7128000.0,330.0
56.0,8553600.0,330.0
56.0,9979200.0,330.0
56.0,11404800.0,330.0
56.0,12830400.0,330.0
56.0,14256000.0,330.0
56.0,15681600.0,330.0
56.0,17107200.0,330.0
56.0,18532800.0,330.0
56.0,19958400.0,330.0
56.0,21384000.0,330.0
56.0,22809600.0,330.0
56.0,24235200.0,330.0
56.0,25660800.0,330.0
56.0,27086400.0,330.0
56.0,28512000.0,330.0
56.0,29937600.0,330.0
56.0,31363200.0,330.0
56.0,32788800.0,330.0
56.0,34214400.0,330.0
56.0,35640000.0,330.0
56.0,37065600.0,330.0
56.0,38491200.0,330.0
56.0,39916800.0,330.0
56.0,41342400.0,330.0
56.0,42768000.0,330.0
56.0,44193600.0,330.0
56.0,45619200.0,330.0
56.0,47044800.0,330.0
56.0,48470400.0,330.0
56.0,49896000.0,330.0
56.0,51321600.0,330.0
56.0,52747200.0,330.0
56.0,54172800.0,330.0
56.0,55598400.0,330.0
56.0,57024000.0,330.0
56.0,58449600.0,330.0
56.0,59875200.0,330.0
56.0,61300800.0,330.0
56.0,62726400.0,330.0
56.0,64152000.0,330.0
56.0,65577600.0,330.0
56.0,67003200.0,330.0
56.0,68428800.0,330.0
56.0,69854400.0,330.0
56.0,71280000.0,330.0
58.0,1425600.0,330.0
58.0,2851200.0,330.0
58.0,4276800.0,330.0
58.0,5702400.0,330.0
58.0,7128000.0,330.0
58.0,8553600.0,330.0
58.0,9979200.0,330.0
58.0,11404800.0,330.0
58.0,12830400.0,330.0
58.0,14256000.0,330.0
58.0,15681600.0,330.0
58.0,17107200.0,330.0
58.0,18532800.0,330.0
58.0,19958400.0,330.0
58.0,21384000.0,330.0
58.0,22809600.0,330.0
58.0,24235200.0,330.0
58.0,25660800.0,330.0
58.0,27086400.0,330.0
58.0,28512000.0,330.0
58.0,29937600.0,330.0
58.0,31363200.0,330.0
58.0,32788800.0,330.0
58.0,34214400.0,330.0
58.0,35640000.0,330.0
58.0,37065600.0,330.0
58.0,38491200.0,330.0
58.0,39916800.0,330.0
58.0,41342400.0,330.0
58.0,42768000.0,330.0
58.0,44193600.0,330.0
58.0,45619200.0,330.0
58.0,47044800.0,330.0
58.0,48470400.0,330.0
58.0,49896000.0,330.0
58.0,51321600.0,330.0
58.0,52747200.0,330.0
58.0,54172800.0,330.0
58.0,55598400.0,330.0
58.0,57024000.0,330.0
58.0,58449600.0,330.0
58.0,59875200.0,330.0
58.0,61300800.0,330.0
58.0,62726400.0,330.0
58.0,64152000.0,330.0
58.0,65577600.0,330.0
58.0,67003200.0,330.0
58.0,68428800.0,330.0
58.0,69854400.0,330.0
58.0,71280000.0,330.0
60.0,1425600.0,330.0
60.0,2851200.0,330.0
60.0,4276800.0,330.0
60.0,5702400.0,330.0
60.0,7128000.0,330.0
60.0,8553600.0,330.0
60.0,9979200.0,330.0
60.0,11404800.0,330.0
60.0,12830400.0,330.0
60.0,14256000.0,330.0
60.0,15681600.0,330.0
60.0,17107200.0,330.0
60.0,18532800.0,330.0
60.0,19958400.0,330.0
60.0,21384000.0,330.0
60.0,22809600.0,330.0
60.0,24235200.0,330.0
60.0,25660800.0,330.0
60.0,27086400.0,330.0
60.0,28512000.0,330.0
60.0,29937600.0,330.0
60.0,31363200.0,330.0
60.0,32788800.0,330.0
60.0,34214400.0,330.0
60.0,35640000.0,330.0
60.0,37065600.0,330.0
60.0,38491200.0,330.0
60.0,39916800.0,330.0
60.0,41342400.0,330.0
60.0,42768000.0,330.0
60.0,44193600.0,330.0
60.0,45619200.0,330.0
60.0,47044800.0,330.0
60.0,48470400.0,330.0
60.0,49896000.0,330.0
60.0,51321600.0,330.0
60.0,52747200.0,330.0
60.0,54172800.0,330.0
60.0,55598400.0,330.0
60.0,57024000.0,330.0
60.0,58449600.0,330.0
60.0,59875200.0,330.0
60.0,61300800.0,330.0
60.0,62726400.0,330.0
60.0,64152000.0,330.0
60.0,65577600.0,330.0
60.0,67003200.0,330.0
60.0,68428800.0,330.0
60.0,69854400.0,330.0
60.0,71280000.0,330.0
62.0,1425600.0,330.0
62.0,2851200.0,330.0
62.0,4276800.0,330.0
62.0,5702400.0,330.0
62.0,7128000.0,330.0
62.0,8553600.0,330.0
62.0,9979200.0,330.0
62.0,11404800.0,330.0
62.0,12830400.0,330.0
62.0,14256000.0,330.0
62.0,15681600.0,330.0
62.0,17107200.0,330.0
62.0,18532800.0,330.0
62.0,19958400.0,330.0
62.0,21384000.0,330.0
62.0,22809600.0,330.0
62.0,24235200.0,330.0
62.0,25660800.0,330.0
62.0,27086400.0,330.0
62.0,28512000.0,330.0
62.0,29937600.0,330.0
62.0,31363200.0,330.0
62.0,32788800.0,330.0
62.0,34214400.0,330.0
62.0,35640000.0,330.0
62.0,37065600.0,330.0
62.0,38491200.0,330.0
62.0,39916800.0,330.0
62.0,41342400.0,330.0
62.0,42768000.0,330.0
62.0,44193600.0,330.0
62.0,45619200.0,330.0
62.0,47044800.0,330.0
62.0,48470400.0,330.0
62.0,49896000.0,330.0
62.0,51321600.0,330.0
62.0,52747200.0,330.0
62.0,54172800.0,330.0
62.0,55598400.0,330.0
62.0,57024000.0,330.0
62.0,58449600.0,330.0
62.0,59875200.0,330.0
62.0,61300800.0,330.0
62.0,62726400.0,330.0
62.0,64152000.0,330.0
62.0,65577600.0,330.0
62.0,67003200.0,330.0
62.0,68428800.0,330.0
62.0,69854400.0,330.0
62.0,71280000.0,330.0
64.0,1425600.0,330.0
64.0,2851200.0,330.0
64.0,4276800.0,330.0
64.0,5702400.0,330.0
64.0,7128000.0,330.0
64.0,8553600.0,330.0
64.0,9979200.0,330.0
64.0,11404800.0,330.0
64.0,12830400.0,330.0
64.0,14256000.0,330.0
64.0,15681600.0,330.0
64.0,17107200.0,330.0
64.0,18532800.0,330.0
64.0,19958400.0,330.0
64.0,21384000.0,330.0
64.0,22809600.0,330.0
64.0,24235200.0,330.0
64.0,25660800.0,330.0
64.0,27086400.0,330.0
64.0,28512000.0,330.0
64.0,29937600.0,330.0
64.0,31363200.0,330.0
64.0,32788800.0,330.0
64.0,34214400.0,330.0
64.0,35640000.0,330.0
64.0,37065600.0,330.0
64.0,38491200.0,330.0
64.0,39916800.0,330.0
64.0,41342400.0,330.0
64.0,42768000.0,330.0
64.0,44193600.0,330.0
64.0,45619200.0,330.0
64.0,47044800.0,330.0
64.0,48470400.0,330.0
64.0,49896000.0,330.0
64.0,51321600.0,330.0
64.0,52747200.0,330.0
64.0,54172800.0,330.0
64.0,55598400.0,330.0
64.0,57024000.0,330.0
64.0,58449600.0,330.0
64.0,59875200.0,330.0
64.0,61300800.0,330.0
64.0,62726400.0,330.0
64.0,64152000.0,330.0
64.0,65577600.0,330.0
64.0,67003200.0,330.0
64.0,68428800.0,330.0
64.0,69854400.0,330.0
64.0,71280000.0,330.0
66.0,1425600.0,330.0
66.0,2851200.0,330.0
66.0,4276800.0,330.0
66.0,5702400.0,330.0
66.0,7128000.0,330.0
66.0,8553600.0,330.0
66.0,9979200.0,330.0
66.0,11404800.0,330.0
66.0,12830400.0,330.0
66.0,14256000.0,330.0
66.0,15681600.0,330.0
66.0,17107200.0,330.0
66.0,18532800.0,330.0
66.0,19958400.0,330.0
66.0,21384000.0,330.0
66.0,22809600.0,330.0
66.0,24235200.0,330.0
66.0,25660800.0,330.0
66.0,27086400.0,330.0
66.0,28512000.0,330.0
66.0,29937600.0,330.0
66.0,31363200.0,330.0
66.0,32788800.0,330.0
66.0,34214400.0,330.0
66.0,35640000.0,330.0
66.0,37065600.0,330.0
66.0,38491200.0,330.0
66.0,39916800.0,330.0
66.0,41342400.0,330.0
66.0,42768000.0,330.0
66.0,44193600.0,330.0
66.0,45619200.0,330.0
66.0,47044800.0,330.0
66.0,48470400.0,330.0
66.0,49896000.0,330.0
66.0,51321600.0,330.0
66.0,52747200.0,330.0
66.0,54172800.0,330.0
66.0,55598400.0,330.0
66.0,57024000.0,330.0
66.0,58449600.0,330.0
66.0,59875200.0,330.0
66.0,61300800.0,330.0
66.0,62726400.0,330.0
66.0,64152000.0,330.0
66.0,65577600.0,330.0
66.0,67003200.0,330.0
66.0,68428800.0,330.0
66.0,69854400.0,330.0
66.0,71280000.0,330.0
68.0,1425600.0,330.0
68.0,2851200.0,330.0
68.0,4276800.0,330.0
68.0,5702400.0,330.0
68.0,7128000.0,330.0
68.0,8553600.0,330.0
68.0,9979200.0,330.0
68.0,11404800.0,330.0
68.0,12830400.0,330.0
68.0,14256000.0,330.0
68.0,15681600.0,330.0
68.0,17107200.0,330.0
68.0,18532800.0,330.0
68.0,19958400.0,330.0
68.0,21384000.0,330.0
68.0,22809600.0,330.0
68.0,24235200.0,330.0
68.0,25660800.0,330.0
68.0,27086400.0,330.0
68.0,28512000.0,330.0
68.0,29937600.0,330.0
68.0,31363200.0,330.0
68.0,32788800.0,330.0
68.0,34214400.0,330.0
68.0,35640000.0,330.0
68.0,37065600.0,330.0
68.0,38491200.0,330.0
68.0,39916800.0,330.0
68.0,41342400.0,330.0
68.0,42768000.0,330.0
68.0,44193600.0,330.0
68.0,45619200.0,330.0
68.0,47044800.0,330.0
68.0,48470400.0,330.0
68.0,49896000.0,330.0
68.0,51321600.0,330.0
68.0,52747200.0,330.0
68.0,54172800.0,330.0
68.0,55598400.0,330.0
68.0,57024000.0,330.0
68.0,58449600.0,330.0
68.0,59875200.0,330.0
68.0,61300800.0,330.0
68.0,62726400.0,330.0
68.0,64152000.0,330.0
68.0,65577600.0,330.0
68.0,67003200.0,330.0
68.0,68428800.0,330.0
68.0,69854400.0,330.0
68.0,71280000.0,330.0
70.0,1425600.0,330.0
70.0,2851200.0,330.0
70.0,4276800.0,330.0
70.0,5702400.0,330.0
70.0,7128000.0,330.0
70.0,8553600.0,330.0
70.0,9979200.0,330.0
70.0,11404800.0,330.0
70.0,12830400.0,330.0
70.0,14256000.0,330.0
70.0,15681600.0,330.0
70.0,17107200.0,330.0
70.0,18532800.0,330.0
70.0,19958400.0,330.0
70.0,21384000.0,330.0
70.0,22809600.0,330.0
70.0,24235200.0,330.0
70.0,25660800.0,330.0
70.0,27086400.0,330.0
70.0,28512000.0,330.0
70.0,29937600.0,330.0
70.0,31363200.0,330.0
70.0,32788800.0,330.0
70.0,34214400.0,330.0
70.0,35640000.0,330.0
70.0,37065600.0,330.0
70.0,38491200.0,330.0
70.0,39916800.0,330.0
70.0,41342400.0,330.0
70.0,42768000.0,330.0
70.0,44193600.0,330.0
70.0,45619200.0,330.0
70.0,47044800.0,330.0
70.0,48470400.0,330.0
70.0,49896000.0,330.0
70.0,51321600.0,330.0
70.0,52747200.0,330.0
70.0,54172800.0,330.0
70.0,55598400.0,330.0
70.0,57024000.0,330.0
70.0,58449600.0,330.0
70.0,59875200.0,330.0
70.0,61300800.0,330.0
70.0,62726400.0,330.0
70.0,64152000.0,330.0
70.0,65577600.0,330.0
70.0,67003200.0,330.0
70.0,68428800.0,330.0
70.0,69854400.0,330.0
70.0,71280000.0,330.0
72.0,1425600.0,330.0
72.0,2851200.0,330.0
72.0,4276800.0,330.0
72.0,5702400.0,330.0
72.0,7128000.0,330.0
72.0,8553600.0,330.0
72.0,9979200.0,330.0
72.0,11404800.0,330.0
72.0,12830400.0,330.0
72.0,14256000.0,330.0
72.0,15681600.0,330.0
72.0,17107200.0,330.0
72.0,18532800.0,330.0
72.0,19958400.0,330.0
72.0,21384000.0,330.0
72.0,22809600.0,330.0
72.0,24235200.0,330.0
72.0,25660800.0,330.0
72.0,27086400.0,330.0
72.0,28512000.0,330.0
72.0,29937600.0,330.0
72.0,31363200.0,330.0
72.0,32788800.0,330.0
72.0,34214400.0,330.0
72.0,35640000.0,330.0
72.0,37065600.0,330.0
72.0,38491200.0,330.0
72.0,39916800.0,330.0
72.0,41342400.0,330.0
72.0,42768000.0,330.0
72.0,44193600.0,330.0
72.0,45619200.0,330.0
72.0,47044800.0,330.0
72.0,48470400.0,330.0
72.0,49896000.0,330.0
72.0,51321600.0,330.0
72.0,52747200.0,330.0
72.0,54172800.0,330.0
72.0,55598400.0,330.0
72.0,57024000.0,330.0
72.0,58449600.0,330.0
72.0,59875200.0,330.0
72.0,61300800.0,330.0
72.0,62726400.0,330.0
72.0,64152000.0,330.0
72.0,65577600.0,330.0
72.0,67003200.0,330.0
72.0,68428800.0,330.0
72.0,69854400.0,330.0
72.0,71280000.0,330.0
74.0,1425600.0,330.0
74.0,2851200.0,330.0
74.0,4276800.0,330.0
74.0,5702400.0,330.0
74.0,7128000.0,330.0
74.0,8553600.0,330.0
74.0,9979200.0,330.0
74.0,11404800.0,330.0
74.0,12830400.0,330.0
74.0,14256000.0,330.0
74.0,15681600.0,330.0
74.0,17107200.0,330.0
74.0,18532800.0,330.0
74.0,19958400.0,330.0
74.0,21384000.0,330.0
74.0,22809600.0,330.0
74.0,24235200.0,330.0
74.0,25660800.0,330.0
74.0,27086400.0,330.0
74.0,28512000.0,330.0
74.0,29937600.0,330.0
74.0,31363200.0,330.0
74.0,32788800.0,330.0
74.0,34214400.0,330.0
74.0,35640000.0,330.0
74.0,37065600.0,330.0
74.0,38491200.0,330.0
74.0,39916800.0,330.0
74.0,41342400.0,330.0
74.0,42768000.0,330.0
74.0,44193600.0,330.0
74.0,45619200.0,330.0
74.0,47044800.0,330.0
74.0,48470400.0,330.0
74.0,49896000.0,330.0
74.0,51321600.0,330.0
74.0,52747200.0,330.0
74.0,54172800.0,330.0
74.0,55598400.0,330.0
74.0,57024000.0,330.0
74.0,58449600.0,330.0
74.0,59875200.0,330.0
74.0,61300800.0,330.0
74.0,62726400.0,330.0
74.0,64152000.0,330.0
74.0,65577600.0,330.0
74.0,67003200.0,330.0
74.0,68428800.0,330.0
74.0,69854400.0,330.0
74.0,71280000.0,330.0
76.0,1425600.0,330.0
76.0,2851200.0,330.0
76.0,4276800.0,330.0
76.0,5702400.0,330.0
76.0,7128000.0,330.0
76.0,8553600.0,330.0
76.0,9979200.0,330.0
76.0,11404800.0,330.0
76.0,12830400.0,330.0
76.0,14256000.0,330.0
76.0,15681600.0,330.0
76.0,17107200.0,330.0
76.0,18532800.0,330.0
76.0,19958400.0,330.0
76.0,21384000.0,330.0
76.0,22809600.0,330.0
76.0,24235200.0,330.0
76.0,25660800.0,330.0
76.0,27086400.0,330.0
76.0,28512000.0,330.0
76.0,29937600.0,330.0
76.0,31363200.0,330.0
76.0,32788800.0,330.0
76.0,34214400.0,330.0
76.0,35640000.0,330.0
76.0,37065600.0,330.0
76.0,38491200.0,330.0
76.0,39916800.0,330.0
76.0,41342400.0,330.0
76.0,42768000.0,330.0
76.0,44193600.0,330.0
76.0,45619200.0,330.0
76.0,47044800.0,330.0
76.0,48470400.0,330.0
76.0,49896000.0,330.0
76.0,51321600.0,330.0
76.0,52747200.0,330.0
76.0,54172800.0,330.0
76.0,55598400.0,330.0
76.0,57024000.0,330.0
76.0,58449600.0,330.0
76.0,59875200.0,330.0
76.0,61300800.0,330.0
76.0,62726400.0,330.0
76.0,64152000.0,330.0
76.0,65577600.0,330.0
76.0,67003200.0,330.0
76.0,68428800.0,330.0
76.0,69854400.0,330.0
76.0,71280000.0,330.0
78.0,1425600.0,330.0
78.0,2851200.0,330.0
78.0,4276800.0,330.0
78.0,5702400.0,330.0
78.0,7128000.0,330.0
78.0,8553600.0,330.0
78.0,9979200.0,330.0
78.0,11404800.0,330.0
78.0,12830400.0,330.0
78.0,14256000.0,330.0
78.0,15681600.0,330.0
78.0,17107200.0,330.0
78.0,18532800.0,330.0
78.0,19958400.0,330.0
78.0,21384000.0,330.0
78.0,22809600.0,330.0
78.0,24235200.0,330.0
78.0,25660800.0,330.0
78.0,27086400.0,330.0
78.0,28512000.0,330.0
78.0,29937600.0,330.0
78.0,31363200.0,330.0
78.0,32788800.0,330.0
78.0,34214400.0,330.0
78.0,35640000.0,330.0
78.0,37065600.0,330.0
78.0,38491200.0,330.0
78.0,39916800.0,330.0
78.0,41342400.0,330.0
78.0,42768000.0,330.0
78.0,44193600.0,330.0
78.0,45619200.0,330.0
78.0,47044800.0,330.0
78.0,48470400.0,330.0
78.0,49896000.0,330.0
78.0,51321600.0,330.0
78.0,52747200.0,330.0
78.0,54172800.0,330.0
78.0,55598400.0,330.0
78.0,57024000.0,330.0
78.0,58449600.0,330.0
78.0,59875200.0,330.0
78.0,61300800.0,330.0
78.0,62726400.0,330.0
78.0,64152000.0,330.0
78.0,65577600.0,330.0
78.0,67003200.0,330.0
78.0,68428800.0,330.0
78.0,69854400.0,330.0
78.0,71280000.0,330.0
80.0,1425600.0,330.0
80.0,2851200.0,330.0
80.0,4276800.0,330.0
80.0,5702400.0,330.0
80.0,7128000.0,330.0
80.0,8553600.0,330.0
80.0,9979200.0,330.0
80.0,11404800.0,330.0
80.0,12830400.0,330.0
80.0,14256000.0,330.0
80.0,15681600.0,330.0
80.0,17107200.0,330.0
80.0,18532800.0,330.0
80.0,19958400.0,330.0
80.0,21384000.0,330.0
80.0,22809600.0,330.0
80.0,24235200.0,330.0
80.0,25660800.0,330.0
80.0,27086400.0,330.0
80.0,28512000.0,330.0
80.0,29937600.0,330.0
80.0,31363200.0,330.0
80.0,32788800.0,330.0
80.0,34214400.0,330.0
80.0,35640000.0,330.0
80.0,37065600.0,330.0
80.0,38491200.0,330.0
80.0,39916800.0,330.0
80.0,41342400.0,330.0
80.0,42768000.0,330.0
80.0,44193600.0,330.0
80.0,45619200.0,330.0
80.0,47044800.0,330.0
80.0,48470400.0,330.0
80.0,49896000.0,330.0
80.0,51321600.0,330.0
80.0,52747200.0,330.0
80.0,54172800.0,330.0
80.0,55598400.0,330.0
80.0,57024000.0,330.0
80.0,58449600.0,330.0
80.0,59875200.0,330.0
80.0,61300800.0,330.0
80.0,62726400.0,330.0
80.0,64152000.0,330.0
80.0,65577600.0,330.0
80.0,67003200.0,330.0
80.0,68428800.0,330.0
80.0,69854400.0,330.0
80.0,71280000.0,330.0
82.0,1425600.0,330.0
82.0,2851200.0,330.0
82.0,4276800.0,330.0
82.0,5702400.0,330.0
82.0,7128000.0,330.0
82.0,8553600.0,330.0
82.0,9979200.0,330.0
82.0,11404800.0,330.0
82.0,12830400.0,330.0
82.0,14256000.0,330.0
82.0,15681600.0,330.0
82.0,17107200.0,330.0
82.0,18532800.0,330.0
82.0,19958400.0,330.0
82.0,21384000.0,330.0
82.0,22809600.0,330.0
82.0,24235200.0,330.0
82.0,25660800.0,330.0
82.0,27086400.0,330.0
82.0,28512000.0,330.0
82.0,29937600.0,330.0
82.0,31363200.0,330.0
82.0,32788800.0,330.0
82.0,34214400.0,330.0
82.0,35640000.0,330.0
82.0,37065600.0,330.0
82.0,38491200.0,330.0
82.0,39916800.0,330.0
82.0,41342400.0,330.0
82.0,42768000.0,330.0
82.0,44193600.0,330.0
82.0,45619200.0,330.0
82.0,47044800.0,330.0
82.0,48470400.0,330.0
82.0,49896000.0,330.0
82.0,51321600.0,330.0
82.0,52747200.0,330.0
82.0,54172800.0,330.0
82.0,55598400.0,330.0
82.0,57024000.0,330.0
82.0,58449600.0,330.0
82.0,59875200.0,330.0
82.0,61300800.0,330.0
82.0,62726400.0,330.0
82.0,64152000.0,330.0
82.0,65577600.0,330.0
82.0,67003200.0,330.0
82.0,68428800.0,330.0
82.0,69854400.0,330.0
82.0,71280000.0,330.0
84.0,1425600.0,330.0
84.0,2851200.0,330.0
84.0,4276800.0,330.0
84.0,5702400.0,330.0
84.0,7128000.0,330.0
84.0,8553600.0,330.0
84.0,9979200.0,330.0
84.0,11404800.0,330.0
84.0,12830400.0,330.0
84.0,14256000.0,330.0
84.0,15681600.0,330.0
84.0,17107200.0,330.0
84.0,18532800.0,330.0
84.0,19958400.0,330.0
84.0,21384000.0,330.0
84.0,22809600.0,330.0
84.0,24235200.0,330.0
84.0,25660800.0,330.0
84.0,27086400.0,330.0
84.0,28512000.0,330.0
84.0,29937600.0,330.0
84.0,31363200.0,330.0
84.0,32788800.0,330.0
84.0,34214400.0,330.0
84.0,35640000.0,330.0
84.0,37065600.0,330.0
84.0,38491200.0,330.0
84.0,39916800.0,330.0
84.0,41342400.0,330.0
84.0,42768000.0,330.0
84.0,44193600.0,330.0
84.0,45619200.0,330.0
84.0,47044800.0,330.0
84.0,48470400.0,330.0
84.0,49896000.0,330.0
84.0,51321600.0,330.0
84.0,52747200.0,330.0
84.0,54172800.0,330.0
84.0,55598400.0,330.0
84.0,57024000.0,330.0
84.0,58449600.0,330.0
84.0,59875200.0,330.0
84.0,61300800.0,330.0
84.0,62726400.0,330.0
84.0,64152000.0,330.0
84.0,65577600.0,330.0
84.0,67003200.0,330.0
84.0,68428800.0,330.0
84.0,69854400.0,330.0
84.0,71280000.0,330.0
86.0,1425600.0,330.0
86.0,2851200.0,330.0
86.0,4276800.0,330.0
86.0,5702400.0,330.0
86.0,7128000.0,330.0
86.0,8553600.0,330.0
86.0,9979200.0,330.0
86.0,11404800.0,330.0
86.0,12830400.0,330.0
86.0,14256000.0,330.0
86.0,15681600.0,330.0
86.0,17107200.0,330.0
86.0,18532800.0,330.0
86.0,19958400.0,330.0
86.0,21384000.0,330.0
86.0,22809600.0,330.0
86.0,24235200.0,330.0
86.0,25660800.0,330.0
86.0,27086400.0,330.0
86.0,28512000.0,330.0
86.0,29937600.0,330.0
86.0,31363200.0,330.0
86.0,32788800.0,330.0
86.0,34214400.0,330.0
86.0,35640000.0,330.0
86.0,37065600.0,330.0
86.0,38491200.0,330.0
86.0,39916800.0,330.0
86.0,41342400.0,330.0
86.0,42768000.0,330.0
86.0,44193600.0,330.0
86.0,45619200.0,330.0
86.0,47044800.0,330.0
86.0,48470400.0,330.0
86.0,49896000.0,330.0
86.0,51321600.0,330.0
86.0,52747200.0,330.0
86.0,54172800.0,330.0
86.0,55598400.0,330.0
86.0,57024000.0,330.0
86.0,58449600.0,330.0
86.0,59875200.0,330.0
86.0,61300800.0,330.0
86.0,62726400.0,330.0
86.0,64152000.0,330.0
86.0,65577600.0,330.0
86.0,67003200.0,330.0
86.0,68428800.0,330.0
86.0,69854400.0,330.0
86.0,71280000.0,330.0
88.0,1425600.0,330.0
88.0,2851200.0,330.0
88.0,4276800.0,330.0
88.0,5702400.0,330.0
88.0,7128000.0,330.0
88.0,8553600.0,330.0
88.0,9979200.0,330.0
88.0,11404800.0,330.0
88.0,12830400.0,330.0
88.0,14256000.0,330.0
88.0,15681600.0,330.0
88.0,17107200.0,330.0
88.0,18532800.0,330.0
88.0,19958400.0,330.0
88.0,21384000.0,330.0
88.0,22809600.0,330.0
88.0,24235200.0,330.0
88.0,25660800.0,330.0
88.0,27086400.0,330.0
88.0,28512000.0,330.0
88.0,29937600.0,330.0
88.0,31363200.0,330.0
88.0,32788800.0,330.0
88.0,34214400.0,330.0
88.0,35640000.0,330.0
88.0,37065600.0,330.0
88.0,38491200.0,330.0
88.0,39916800.0,330.0
88.0,41342400.0,330.0
88.0,42768000.0,330.0
88.0,44193600.0,330.0
88.0,45619200.0,330.0
88.0,47044800.0,330.0
88.0,48470400.0,330.0
88.0,49896000.0,330.0
88.0,51321600.0,330.0
88.0,52747200.0,330.0
88.0,54172800.0,330.0
88.0,55598400.0,330.0
88.0,57024000.0,330.0
88.0,58449600.0,330.0
88.0,59875200.0,330.0
88.0,61300800.0,330.0
88.0,62726400.0,330.0
88.0,64152000.0,330.0
88.0,65577600.0,330.0
88.0,67003200.0,330.0
88.0,68428800.0,330.0
88.0,69854400.0,330.0
88.0,71280000.0,330.0
90.0,1425600.0,330.0
90.0,2851200.0,330.0
90.0,4276800.0,330.0
90.0,5702400.0,330.0
90.0,7128000.0,330.0
90.0,8553600.0,330.0
90.0,9979200.0,330.0
90.0,11404800.0,330.0
90.0,12830400.0,330.0
90.0,14256000.0,330.0
90.0,15681600.0,330.0
90.0,17107200.0,330.0
90.0,18532800.0,330.0
90.0,19958400.0,330.0
90.0,21384000.0,330.0
90.0,22809600.0,330.0
90.0,24235200.0,330.0
90.0,25660800.0,330.0
90.0,27086400.0,330.0
90.0,28512000.0,330.0
90.0,29937600.0,330.0
90.0,31363200.0,330.0
90.0,32788800.0,330.0
90.0,34214400.0,330.0
90.0,35640000.0,330.0
90.0,37065600.0,330.0
90.0,38491200.0,330.0
90.0,39916800.0,330.0
90.0,41342400.0,330.0
90.0,42768000.0,330.0
90.0,44193600.0,330.0
90.0,45619200.0,330.0
90.0,47044800.0,330.0
90.0,48470400.0,330.0
90.0,49896000.0,330.0
90.0,51321600.0,330.0
90.0,52747200.0,330.0
90.0,54172800.0,330.0
90.0,55598400.0,330.0
90.0,57024000.0,330.0
90.0,58449600.0,330.0
90.0,59875200.0,330.0
90.0,61300800.0,330.0
90.0,62726400.0,330.0
90.0,64152000.0,330.0
90.0,65577600.0,330.0
90.0,67003200.0,330.0
90.0,68428800.0,330.0
90.0,69854400.0,330.0
90.0,71280000.0,330.0
92.0,1425600.0,330.0
92.0,2851200.0,330.0
92.0,4276800.0,330.0
92.0,5702400.0,330.0
92.0,7128000.0,330.0
92.0,8553600.0,330.0
92.0,9979200.0,330.0
92.0,11404800.0,330.0
92.0,12830400.0,330.0
92.0,14256000.0,330.0
92.0,15681600.0,330.0
92.0,17107200.0,330.0
92.0,18532800.0,330.0
92.0,19958400.0,330.0
92.0,21384000.0,330.0
92.0,22809600.0,330.0
92.0,24235200.0,330.0
92.0,25660800.0,330.0
92.0,27086400.0,330.0
92.0,28512000.0,330.0
92.0,29937600.0,330.0
92.0,31363200.0,330.0
92.0,32788800.0,330.0
92.0,34214400.0,330.0
92.0,35640000.0,330.0
92.0,37065600.0,330.0
92.0,38491200.0,330.0
92.0,39916800.0,330.0
92.0,41342400.0,330.0
92.0,42768000.0,330.0
92.0,44193600.0,330.0
92.0,45619200.0,330.0
92.0,47044800.0,330.0
92.0,48470400.0,330.0
92.0,49896000.0,330.0
92.0,51321600.0,330.0
92.0,52747200.0,330.0
92.0,54172800.0,330.0
92.0,55598400.0,330.0
92.0,57024000.0,330.0
92.0,58449600.0,330.0
92.0,59875200.0,330.0
92.0,61300800.0,330.0
92.0,62726400.0,330.0
92.0,64152000.0,330.0
92.0,65577600.0,330.0
92.0,67003200.0,330.0
92.0,68428800.0,330.0
92.0,69854400.0,330.0
92.0,71280000.0,330.0
94.0,1425600.0,330.0
94.0,2851200.0,330.0
94.0,4276800.0,330.0
94.0,5702400.0,330.0
94.0,7128000.0,330.0
94.0,8553600.0,330.0
94.0,9979200.0,330.0
94.0,11404800.0,330.0
94.0,12830400.0,330.0
94.0,14256000.0,330.0
94.0,15681600.0,330.0
94.0,17107200.0,330.0
94.0,18532800.0,330.0
94.0,19958400.0,330.0
94.0,21384000.0,330.0
94.0,22809600.0,330.0
94.0,24235200.0,330.0
94.0,25660800.0,330.0
94.0,27086400.0,330.0
94.0,28512000.0,330.0
94.0,29937600.0,330.0
94.0,31363200.0,330.0
94.0,32788800.0,330.0
94.0,34214400.0,330.0
94.0,35640000.0,330.0
94.0,37065600.0,330.0
94.0,38491200.0,330.0
94.0,39916800.0,330.0
94.0,41342400.0,330.0
94.0,42768000.0,330.0
94.0,44193600.0,330.0
94.0,45619200.0,330.0
94.0,47044800.0,330.0
94.0,48470400.0,330.0
94.0,49896000.0,330.0
94.0,51321600.0,330.0
94.0,52747200.0,330.0
94.0,54172800.0,330.0
94.0,55598400.0,330.0
94.0,57024000.0,330.0
94.0,58449600.0,330.0
94.0,59875200.0,330.0
94.0,61300800.0,330.0
94.0,62726400.0,330.0
94.0,64152000.0,330.0
94.0,65577600.0,330.0
94.0,67003200.0,330.0
94.0,68428800.0,330.0
94.0,69854400.0,330.0
94.0,71280000.0,330.0
96.0,1425600.0,330.0
96.0,2851200.0,330.0
96.0,4276800.0,330.0
96.0,5702400.0,330.0
96.0,7128000.0,330.0
96.0,8553600.0,330.0
96.0,9979200.0,330.0
96.0,11404800.0,330.0
96.0,12830400.0,330.0
96.0,14256000.0,330.0
96.0,15681600.0,330.0
96.0,17107200.0,330.0
96.0,18532800.0,330.0
96.0,19958400.0,330.0
96.0,21384000.0,330.0
96.0,22809600.0,330.0
96.0,24235200.0,330.0
96.0,25660800.0,330.0
96.0,27086400.0,330.0
96.0,28512000.0,330.0
96.0,29937600.0,330.0
96.0,31363200.0,330.0
96.0,32788800.0,330.0
96.0,34214400.0,330.0
96.0,35640000.0,330.0
96.0,37065600.0,330.0
96.0,38491200.0,330.0
96.0,39916800.0,330.0
96.0,41342400.0,330.0
96.0,42768000.0,330.0
96.0,44193600.0,330.0
96.0,45619200.0,330.0
96.0,47044800.0,330.0
96.0,48470400.0,330.0
96.0,49896000.0,330.0
96.0,51321600.0,330.0
96.0,52747200.0,330.0
96.0,54172800.0,330.0
96.0,55598400.0,330.0
96.0,57024000.0,330.0
96.0,58449600.0,330.0
96.0,59875200.0,330.0
96.0,61300800.0,330.0
96.0,62726400.0,330.0
96.0,64152000.0,330.0
96.0,65577600.0,330.0
96.0,67003200.0,330.0
96.0,68428800.0,330.0
96.0,69854400.0,330.0
96.0,71280000.0,330.0
98.0,1425600.0,330.0
98.0,2851200.0,330.0
98.0,4276800.0,330.0
98.0,5702400.0,330.0
98.0,7128000.0,330.0
98.0,8553600.0,330.0
98.0,9979200.0,330.0
98.0,11404800.0,330.0
98.0,12830400.0,330.0
98.0,14256000.0,330.0
98.0,15681600.0,330.0
98.0,17107200.0,330.0
98.0,18532800.0,330.0
98.0,19958400.0,330.0
98.0,21384000.0,330.0
98.0,22809600.0,330.0
98.0,24235200.0,330.0
98.0,25660800.0,330.0
98.0,27086400.0,330.0
98.0,28512000.0,330.0
98.0,29937600.0,330.0
98.0,31363200.0,330.0
98.0,32788800.0,330.0
98.0,34214400.0,330.0
98.0,35640000.0,330.0
98.0,37065600.0,330.0
98.0,38491200.0,330.0
98.0,39916800.0,330.0
98.0,41342400.0,330.0
98.0,42768000.0,330.0
98.0,44193600.0,330.0
98.0,45619200.0,330.0
98.0,47044800.0,330.0
98.0,48470400.0,330.0
98.0,49896000.0,330.0
98.0,51321600.0,330.0
98.0,52747200.0,330.0
98.0,54172800.0,330.0
98.0,55598400.0,330.0
98.0,57024000.0,330.0
98.0,58449600.0,330.0
98.0,59875200.0,330.0
98.0,61300800.0,330.0
98.0,62726400.0,330.0
98.0,64152000.0,330.0
98.0,65577600.0,330.0
98.0,67003200.0,330.0
98.0,68428800.0,330.0
98.0,69854400.0,330.0
98.0,71280000.0,330.0
100.0,1425600.0,330.0
100.0,2851200.0,330.0
100.0,4276800.0,330.0
100.0,5702400.0,330.0
100.0,7128000.0,330.0
100.0,8553600.0,330.0
100.0,9979200.0,330.0
100.0,11404800.0,330.0
100.0,12830400.0,330.0
100.0,14256000.0,330.0
100.0,15681600.0,330.0
100.0,17107200.0,330.0
100.0,18532800.0,330.0
100.0,19958400.0,330.0
100.0,21384000.0,330.0
100.0,22809600.0,330.0
100.0,24235200.0,330.0
100.0,25660800.0,330.0
100.0,27086400.0,330.0
100.0,28512000.0,330.0
100.0,29937600.0,330.0
100.0,31363200.0,330.0
100.0,32788800.0,330.0
100.0,34214400.0,330.0
100.0,35640000.0,330.0
100.0,37065600.0,330.0
100.0,38491200.0,330.0
100.0,39916800.0,330.0
100.0,41342400.0,330.0
100.0,42768000.0,330.0
100.0,44193600.0,330.0
100.0,45619200.0,330.0
100.0,47044800.0,330.0
100.0,48470400.0,330.0
100.0,49896000.0,330.0
100.0,51321600.0,330.0
100.0,52747200.0,330.0
100.0,54172800.0,330.0
100.0,55598400.0,330.0
100.0,57024000.0,330.0
100.0,58449600.0,330.0
100.0,59875200.0,330.0
100.0,61300800.0,330.0
100.0,62726400.0,330.0
100.0,64152000.0,330.0
100.0,65577600.0,330.0
100.0,67003200.0,330.0
100.0,68428800.0,330.0
100.0,69854400.0,330.0
100.0,71280000.0,330.0
